seed,status,temporal,operators,bounded_past,future,windows,formula
1,candidate,7,8,3,2,"O[1,3] E[7,15] S[0,4] S[5,*] S[3,*] E[6,13] S[0,5]","(ONCE[1,3] ((EVENTUALLY[7,15] ((((P1(x1,x1) SINCE[0,4] (P3(x1))) AND ((P0() SINCE[5,*) (P1(x2,x1))))) SINCE[3,*) ((EVENTUALLY[6,13] ((P0() SINCE[0,5] (P1(x1,x2)))))))))))"
2,candidate,4,9,1,2,"S[9,*] E[8,11] S[7,8] U[5,13]","(EXISTS y1. ((((P3(y1) OR (P3(y1))) OR ((P2() SINCE[9,*) (P3(y1))))) AND ((NOT (((EVENTUALLY[8,11] (P2())) SINCE[7,8] ((P1() UNTIL[5,13] (P2()))))))))))"
3,candidate,8,10,1,4,"O[8,*] E[9,17] S[6,13] S[1,*] U[9,10] S[1,*] E[8,12] E[2,6]","(ONCE[8,*) ((EVENTUALLY[9,17] ((((P0() SINCE[6,13] (P3())) SINCE[1,*) ((P3() UNTIL[9,10] (P2(x1,x2))))) SINCE[1,*) (((EVENTUALLY[8,12] (P1(x2,x1))) AND ((NOT ((EVENTUALLY[2,6] (P1(x2,x1)))))))))))))"
4,candidate,8,8,4,3,"O[1,9] O[1,*] E[4,5] O[8,13] U[5,12] U[1,6] O[0,5] O[4,10]","(ONCE[1,9] ((ONCE[1,*) ((EVENTUALLY[4,5] ((ONCE[8,13] (((P0() UNTIL[5,12] (P0())) UNTIL[1,6] ((ONCE[0,5] ((ONCE[4,10] (P0()))))))))))))))"
5,syntax,7,9,0,2,"O[1,*] U[4,10] S[7,*] O[0,*] S[5,*] S[9,*] U[3,4]","((ONCE[1,*) (((P1(x1) UNTIL[4,10] (P1(x1))) SINCE[7,*) ((ONCE[0,*) (P1(x1))))))) SINCE[5,*) (((P2(x1,x2) SINCE[9,*) (P0(x1,x2))) UNTIL[3,4] ((P0(x2,x1) AND ((NOT (P1(x2)))))))))"
6,candidate,7,7,3,3,"S[3,5] S[9,*] U[5,7] U[1,9] O[3,12] U[0,1] O[9,15]","(((P3(x1) SINCE[3,5] (P0(x1,x1))) SINCE[9,*) ((P2(x1) UNTIL[5,7] (P2(x1))))) UNTIL[1,9] (((ONCE[3,12] (P0(x1,x1))) UNTIL[0,1] ((ONCE[9,15] (P2(x1)))))))"
7,candidate,6,9,1,2,"E[2,9] S[9,*] O[2,*] S[1,*] E[0,9] O[1,8]","(EVENTUALLY[2,9] ((((P0(x2) SINCE[9,*) (P3(x2,x2))) AND ((NOT ((ONCE[2,*) (P2(x2))))))) SINCE[1,*) ((EVENTUALLY[0,9] ((ONCE[1,8] ((P0(x2) OR (P0(x2)))))))))))"
8,candidate,10,10,1,4,"O[6,*] O[0,*] O[8,*] E[0,8] E[6,14] E[6,8] S[5,*] S[6,*] E[0,5] S[7,9]","(ONCE[6,*) ((ONCE[0,*) ((ONCE[8,*) ((EVENTUALLY[0,8] ((EVENTUALLY[6,14] (((EVENTUALLY[6,8] ((P3() SINCE[5,*) (P0())))) SINCE[6,*) ((EVENTUALLY[0,5] ((P0() SINCE[7,9] (P2(x1)))))))))))))))))"
9,candidate,8,11,1,4,"E[5,10] O[10,*] E[7,17] O[8,*] S[9,*] U[2,10] O[3,5] E[5,6]","(EVENTUALLY[5,10] ((ONCE[10,*) ((EVENTUALLY[7,17] ((((ONCE[8,*) (P3(x1))) SINCE[9,*) ((P1(x1,x1) UNTIL[2,10] (P3(x1))))) OR (((ONCE[3,5] (P2(x1))) AND ((NOT ((EVENTUALLY[5,6] (P1(x1,x1)))))))))))))))"
10,candidate,4,7,1,3,"U[9,15] E[10,15] S[6,16] E[7,12]","(((P2(x2) UNTIL[9,15] (P3(x2))) AND ((EVENTUALLY[10,15] (P2(x1))))) SINCE[6,16] (((EVENTUALLY[7,12] (P1())) AND ((P3(x2) AND (P0(x1,x2)))))))"
11,candidate,8,9,1,6,"E[8,16] E[9,13] O[8,18] O[3,*] E[3,12] U[1,9] E[1,10] U[10,11]","(EVENTUALLY[8,16] ((EVENTUALLY[9,13] ((ONCE[8,18] ((((ONCE[3,*) (P3(x2))) OR ((EVENTUALLY[3,12] (P1(x2,x2))))) UNTIL[1,9] ((EVENTUALLY[1,10] ((P1(x2,x2) UNTIL[10,11] (P3(x2)))))))))))))"
12,candidate,7,10,2,3,"E[10,19] E[3,4] S[3,*] S[5,7] S[2,3] E[10,18] S[9,*]","(EVENTUALLY[10,19] (((EXISTS y2. ((EVENTUALLY[3,4] (((EXISTS y3. (P3(y3,y2))) SINCE[3,*) ((P1(y2) SINCE[5,7] (P0(y2))))))))) SINCE[2,3] ((EXISTS y1. ((EVENTUALLY[10,18] ((P3(y1,y1) SINCE[9,*) (P0(y1)))))))))))"
13,syntax,8,8,0,3,"O[10,*] S[10,*] U[4,12] U[2,7] S[10,*] O[10,*] U[10,13] O[8,*]","(ONCE[10,*) ((((P1(x2) SINCE[10,*) (P2(x2,x1))) UNTIL[4,12] ((P3(x2,x1) UNTIL[2,7] (P2(x1,x2))))) SINCE[10,*) (((ONCE[10,*) (P2(x1,x2))) UNTIL[10,13] ((ONCE[8,*) (P2(x1,x2)))))))))"
14,candidate,8,9,3,2,"O[10,*] O[4,6] O[10,*] O[5,*] S[4,11] E[1,6] O[5,10] E[10,19]","(ONCE[10,*) ((ONCE[4,6] (((ONCE[10,*) ((ONCE[5,*) ((P1(x2,x1) OR (P3(x2,x1))))))) SINCE[4,11] ((EVENTUALLY[1,6] ((ONCE[5,10] ((EVENTUALLY[10,19] (P1(x1,x2)))))))))))))"
15,candidate,5,8,3,2,"E[5,10] U[2,6] O[3,9] O[8,12] S[6,8]","(EXISTS y1. ((((EVENTUALLY[5,10] (P3(y1,x1))) UNTIL[2,6] ((P1() AND (P2(x1,y1))))) AND ((ONCE[3,9] ((ONCE[8,12] ((P2(y1,x2) SINCE[6,8] (P3(y1,x2)))))))))))"
16,syntax,7,11,0,4,"E[7,12] E[7,8] E[10,15] O[3,*] O[5,*] U[9,10] S[0,*]","(EVENTUALLY[7,12] ((EVENTUALLY[7,8] ((EVENTUALLY[10,15] ((ONCE[3,*) ((ONCE[5,*) ((EXISTS y1. (((P2(y1) UNTIL[9,10] (P3(y1))) SINCE[0,*) ((EXISTS y2. ((P2(y1) AND ((y2 = 2)))))))))))))))))))"
17,candidate,7,11,3,2,"O[8,*] E[1,3] E[1,10] S[4,9] O[8,10] O[6,15] O[8,*]","((ONCE[8,*) ((EVENTUALLY[1,3] ((EVENTUALLY[1,10] ((P3(x2) AND ((NOT (P3(x2))))))))))) SINCE[4,9] ((ONCE[8,10] (((ONCE[6,15] (P2(x2))) AND ((NOT ((ONCE[8,*) (P1(x2)))))))))))"
18,candidate,8,8,5,2,"O[10,16] O[7,10] E[7,12] O[1,10] U[6,15] S[2,*] O[3,13] S[10,14]","(ONCE[10,16] ((ONCE[7,10] ((EVENTUALLY[7,12] ((ONCE[1,10] (((P2(x1,x2) UNTIL[6,15] (P2(x2,x1))) SINCE[2,*) ((ONCE[3,13] ((P2(x2,x1) SINCE[10,14] (P2(x2,x1)))))))))))))))"
19,syntax,4,7,2,0,"S[1,*] S[8,*] S[6,15] O[2,4]","(((P0(x1,x2) SINCE[1,*) (P0(x2,x1))) AND ((P3() AND (P3())))) SINCE[8,*) (((EXISTS y1. (P0(y1,x2))) SINCE[6,15] ((ONCE[2,4] (P2(x2,x1)))))))"
20,candidate,6,8,2,4,"E[9,17] S[2,4] U[9,12] O[10,16] E[10,19] U[7,14]","(((EVENTUALLY[9,17] (P3(x1))) SINCE[2,4] ((P0(x1,x2) UNTIL[9,12] (P0(x2,x1))))) AND ((NOT ((ONCE[10,16] ((EVENTUALLY[10,19] ((P0(x1,x2) UNTIL[7,14] (P0(x1,x2)))))))))))"
21,candidate,6,12,1,4,"O[6,14] U[6,16] E[5,14] U[7,16] O[8,*] U[0,6]","(ONCE[6,14] (((EXISTS y1. (((P0() AND (P0())) UNTIL[6,16] ((EVENTUALLY[5,14] (P2(y1,y1))))))) UNTIL[7,16] ((ONCE[8,*) (((P0() AND ((NOT (P0())))) UNTIL[0,6] ((P3(x1) AND ((NOT (P1(x1)))))))))))))"
22,candidate,7,8,2,4,"O[0,3] E[2,4] S[9,*] U[10,16] U[9,10] U[1,5] O[0,10]","(EXISTS y1. ((ONCE[0,3] (((EVENTUALLY[2,4] ((P2() SINCE[9,*) (P2())))) UNTIL[10,16] (((P1() UNTIL[9,10] (P2())) UNTIL[1,5] ((ONCE[0,10] (P3(y1,y1)))))))))))"
23,syntax,4,10,0,2,"U[1,2] E[5,8] O[0,*] S[0,*]","(((P2() UNTIL[1,2] (P2())) AND ((NOT ((EVENTUALLY[5,8] (P1())))))) AND ((NOT ((ONCE[0,*) (((P2() AND (P2())) SINCE[0,*) ((P2() OR (P2()))))))))))"
24,syntax,7,8,0,5,"E[4,6] U[7,12] E[1,6] U[9,12] O[2,*] O[10,*] U[2,7]","((EXISTS y1. (((EVENTUALLY[4,6] (P2(y1,y1))) UNTIL[7,12] ((EVENTUALLY[1,6] (P2(y1,y1))))))) UNTIL[9,12] ((ONCE[2,*) ((ONCE[10,*) ((P0(x1,x2) UNTIL[2,7] (P0(x2,x1)))))))))"
25,candidate,8,10,2,4,"E[0,4] E[7,8] S[9,12] U[4,5] E[6,8] S[1,*] S[10,*] S[5,11]","(EVENTUALLY[0,4] (((EVENTUALLY[7,8] (((P2() SINCE[9,12] (P2())) UNTIL[4,5] ((EVENTUALLY[6,8] (P0(x1))))))) AND ((NOT (((P1() SINCE[1,*) (P2())) SINCE[10,*) ((P1() SINCE[5,11] (P1()))))))))))"
26,syntax,6,8,0,4,"E[3,4] S[3,*] U[3,7] E[8,9] O[7,*] U[9,18]","((EXISTS y1. ((EXISTS y2. ((EVENTUALLY[3,4] ((P3() SINCE[3,*) (P0(y1,y2))))))))) UNTIL[3,7] ((EVENTUALLY[8,9] ((ONCE[7,*) ((P3() UNTIL[9,18] (P1()))))))))"
27,candidate,5,7,3,1,"O[5,*] U[10,18] S[4,8] O[8,13] O[3,5]","(((ONCE[5,*) (P1(x2))) UNTIL[10,18] ((EXISTS y1. (P0(y1,x2))))) SINCE[4,8] (((ONCE[8,13] (P2(x2,x1))) OR ((ONCE[3,5] (P0(x2,x1)))))))"
28,candidate,7,10,3,2,"O[2,*] O[10,17] O[2,5] E[3,4] S[4,*] U[2,12] O[0,4]","(ONCE[2,*) ((ONCE[10,17] ((ONCE[2,5] ((((EVENTUALLY[3,4] (P2())) AND ((NOT ((P0() SINCE[4,*) (P2())))))) UNTIL[2,12] ((ONCE[0,4] ((P3(x2,x1) OR (P1(x2,x1)))))))))))))"
29,candidate,6,7,3,3,"E[2,6] E[6,16] S[8,13] S[5,7] U[1,9] S[5,12]","((EVENTUALLY[2,6] ((EVENTUALLY[6,16] ((P3(x1,x1) SINCE[8,13] (P2(x1))))))) SINCE[5,7] (((P1() UNTIL[1,9] (P2(x2))) SINCE[5,12] ((P0(x1,x2) AND (P1()))))))"
30,candidate,5,9,2,2,"U[8,15] O[9,16] S[4,*] S[3,4] E[10,13]","((EXISTS y2. (((P0(y2,y2) UNTIL[8,15] (P2(y2,y2))) AND ((NOT ((ONCE[9,16] (P0(y2,y2))))))))) SINCE[4,*) (((EXISTS y1. (P0(y1,x1))) SINCE[3,4] ((EVENTUALLY[10,13] (P0(x2,x1)))))))"
31,syntax,7,9,3,0,"O[6,*] O[8,17] S[2,*] S[2,*] O[9,*] O[6,10] O[6,16]","((ONCE[6,*) (((ONCE[8,17] (P2())) SINCE[2,*) ((P0() SINCE[2,*) (P0())))))) AND ((ONCE[9,*) ((ONCE[6,10] ((ONCE[6,16] ((EXISTS y1. (P1(y1)))))))))))"
32,candidate,6,8,1,4,"O[4,*] E[0,2] E[5,6] S[7,17] U[3,11] U[2,11]","((ONCE[4,*) ((EVENTUALLY[0,2] ((EVENTUALLY[5,6] ((P2() SINCE[7,17] (P0())))))))) OR (((P1() UNTIL[3,11] (P0())) UNTIL[2,11] ((P2() AND (P0()))))))"
33,syntax,6,8,0,3,"S[10,*] U[1,7] S[10,*] E[8,16] U[4,12] S[8,*]","(((P2(x1,x2) SINCE[10,*) (P0(x1,x2))) AND ((NOT ((P3() UNTIL[1,7] (P1())))))) SINCE[10,*) (((EVENTUALLY[8,16] (P0(x2,x1))) UNTIL[4,12] ((P2(x1,x2) SINCE[8,*) (P2(x2,x1)))))))"
34,syntax,7,7,0,4,"O[7,*] U[5,10] U[0,7] S[9,*] S[2,*] U[0,7] E[1,8]","(((ONCE[7,*) (P1(x2))) UNTIL[5,10] ((P2(x2,x2) UNTIL[0,7] (P1(x2))))) SINCE[9,*) (((P1(x1) SINCE[2,*) (P2(x2,x1))) UNTIL[0,7] ((EVENTUALLY[1,8] (P2(x2,x1)))))))"
35,candidate,8,9,1,4,"E[0,6] E[9,11] S[0,*] O[5,*] S[2,5] O[4,*] U[4,10] U[9,11]","((EVENTUALLY[0,6] (((EVENTUALLY[9,11] (P2())) SINCE[0,*) ((ONCE[5,*) (P2())))))) SINCE[2,5] ((ONCE[4,*) (((EXISTS y1. (P0(y1,y1))) UNTIL[4,10] ((P2() UNTIL[9,11] (P2()))))))))"
36,candidate,8,10,2,5,"E[0,5] O[7,*] S[2,12] E[8,11] U[0,9] U[6,12] S[3,10] E[4,13]","(EVENTUALLY[0,5] (((ONCE[7,*) (((P3(x1) AND ((NOT (P1())))) SINCE[2,12] ((EVENTUALLY[8,11] (P0(x1))))))) UNTIL[0,9] (((P3(x1) UNTIL[6,12] (P3(x1))) SINCE[3,10] ((EVENTUALLY[4,13] (P0(x1)))))))))"
37,candidate,4,7,1,2,"U[1,8] S[1,*] S[5,14] U[10,18]","((EXISTS y2. ((EXISTS y3. ((P3(y3,y2) UNTIL[1,8] (P0(y3,y2))))))) SINCE[1,*) (((EXISTS y1. (P1(y1,y1))) SINCE[5,14] ((P2() UNTIL[10,18] (P2()))))))"
38,candidate,6,7,1,3,"E[3,4] E[8,18] S[2,4] S[6,*] S[5,*] U[9,14]","((EVENTUALLY[3,4] ((EVENTUALLY[8,18] ((P1(x2) SINCE[2,4] (P2(x2))))))) SINCE[6,*) (((P2(x2) SINCE[5,*) (P1(x2))) OR ((P0(x2,x2) UNTIL[9,14] (P3(x2,x2)))))))"
39,candidate,5,7,2,1,"O[6,*] O[6,*] O[5,7] U[8,18] S[4,7]","(ONCE[6,*) ((ONCE[6,*) (((ONCE[5,7] ((P3() UNTIL[8,18] (P3())))) SINCE[4,7] ((EXISTS y1. ((P0() AND (P2(y1)))))))))))"
40,candidate,9,10,2,4,"E[8,9] O[10,*] O[5,13] U[2,12] U[5,11] O[2,5] U[8,11] O[7,*] O[5,*]","(EVENTUALLY[8,9] ((ONCE[10,*) ((ONCE[5,13] ((((P0(x1) UNTIL[2,12] (P1(x2,x1))) UNTIL[5,11] ((ONCE[2,5] (P2(x2,x1))))) UNTIL[8,11] (((ONCE[7,*) (P1(x2,x1))) OR ((ONCE[5,*) (P1(x2,x1)))))))))))))"
41,syntax,6,12,0,4,"E[3,6] E[4,13] O[9,*] U[10,11] E[4,14] S[1,*]","(EVENTUALLY[3,6] (((EVENTUALLY[4,13] ((ONCE[9,*) ((P2() UNTIL[10,11] (P3())))))) AND ((NOT ((EXISTS y1. ((EXISTS y2. ((EVENTUALLY[4,14] ((P1(y1) SINCE[1,*) ((P1(y1) AND ((y2 = 36)))))))))))))))))"
42,candidate,7,8,3,1,"O[6,*] U[0,3] S[5,8] S[0,4] O[1,*] S[10,14] S[0,*]","(((ONCE[6,*) (P2())) UNTIL[0,3] ((P2() SINCE[5,8] (P1())))) SINCE[0,4] ((ONCE[1,*) (((P2() SINCE[10,14] (P2())) SINCE[0,*) ((P1() OR (P1()))))))))"
43,candidate,6,7,3,1,"S[9,19] S[2,8] S[1,11] O[1,*] E[1,4] S[7,*]","(((P3() SINCE[9,19] (P3())) SINCE[2,8] ((P0() SINCE[1,11] (P3())))) AND ((ONCE[1,*) ((EVENTUALLY[1,4] ((P3() SINCE[7,*) (P3()))))))))"
44,candidate,6,9,3,1,"E[8,10] O[3,4] O[9,*] O[8,15] O[5,*] S[10,16]","(EVENTUALLY[8,10] ((ONCE[3,4] ((ONCE[9,*) ((ONCE[8,15] (((ONCE[5,*) ((P2(x1,x2) AND ((NOT (P3(x1,x2))))))) SINCE[10,16] ((P2(x1,x2) OR (P3(x1,x2)))))))))))))"
45,candidate,10,10,1,7,"O[7,9] E[0,2] E[1,6] E[5,7] E[0,6] E[6,15] U[4,5] S[2,*] U[1,4] O[2,*]","(ONCE[7,9] ((EVENTUALLY[0,2] ((EVENTUALLY[1,6] (((EVENTUALLY[5,7] ((EVENTUALLY[0,6] ((EVENTUALLY[6,15] (P2(x1))))))) UNTIL[4,5] (((P2(x1) SINCE[2,*) (P0(x1))) UNTIL[1,4] ((ONCE[2,*) (P3(x1)))))))))))))"
46,candidate,7,7,1,3,"E[8,18] S[1,9] E[7,15] U[6,7] S[0,*] S[3,*] S[0,*]","(((EVENTUALLY[8,18] (P0())) SINCE[1,9] ((EVENTUALLY[7,15] (P0())))) UNTIL[6,7] (((P2() SINCE[0,*) (P0())) SINCE[3,*) ((P2() SINCE[0,*) (P0()))))))"
47,candidate,6,11,1,4,"E[6,15] E[5,10] U[9,16] S[5,9] S[6,*] U[10,11]","(EVENTUALLY[6,15] ((EVENTUALLY[5,10] ((((P1() UNTIL[9,16] (P1())) AND ((NOT ((P1() SINCE[5,9] (P1())))))) SINCE[6,*) (((P1() AND ((NOT (P1())))) UNTIL[10,11] ((EXISTS y1. (P0(y1)))))))))))"
48,candidate,6,8,1,2,"S[1,*] S[2,11] O[6,*] O[10,*] E[3,7] U[8,17]","(((P3(x2,x2) OR (P0(x2,x2))) OR ((P0(x2,x2) SINCE[1,*) (P1(x2))))) SINCE[2,11] ((ONCE[6,*) ((ONCE[10,*) ((EVENTUALLY[3,7] ((P1(x2) UNTIL[8,17] (P1(x2)))))))))))"
49,syntax,6,9,0,4,"E[1,7] S[8,*] U[8,9] S[4,*] E[3,6] U[5,11]","((EVENTUALLY[1,7] (((P3() SINCE[8,*) (P3())) UNTIL[8,9] ((P0() SINCE[4,*) (P3())))))) OR ((EVENTUALLY[3,6] (((P3() UNTIL[5,11] (P3())) OR ((EXISTS y1. (P1(y1)))))))))"
50,candidate,5,11,2,3,"E[4,10] O[5,7] S[3,9] E[10,19] E[1,7]","(EVENTUALLY[4,10] (((ONCE[5,7] (((EXISTS y1. (P2(y1))) AND ((NOT ((EXISTS y2. ((P2(y2) AND (P3(y2,y2))))))))))) SINCE[3,9] (((EVENTUALLY[10,19] (P0(x1))) OR ((EVENTUALLY[1,7] (P2(x1)))))))))"
51,candidate,7,9,4,1,"O[8,*] O[3,10] S[5,9] U[0,8] S[7,17] S[6,13] S[0,*]","(ONCE[8,*) ((ONCE[3,10] ((((P0() AND (P0())) SINCE[5,9] ((P3() UNTIL[0,8] (P0())))) SINCE[7,17] (((P0() AND (P3())) SINCE[6,13] ((P3() SINCE[0,*) (P0()))))))))))"
52,candidate,7,9,1,5,"E[0,1] U[7,13] E[2,5] O[2,*] E[10,15] E[7,14] O[0,2]","(EXISTS y1. ((((EVENTUALLY[0,1] (P3(y1,x2))) UNTIL[7,13] ((EVENTUALLY[2,5] (P2(y1,x2))))) OR ((ONCE[2,*) ((EVENTUALLY[10,15] ((EVENTUALLY[7,14] ((ONCE[0,2] (P3(y1,x2)))))))))))))"
53,candidate,7,7,2,5,"E[7,11] O[2,11] U[5,14] S[3,12] U[4,5] U[8,14] U[0,1]","((EVENTUALLY[7,11] ((ONCE[2,11] ((P1() UNTIL[5,14] (P1())))))) SINCE[3,12] (((P1() UNTIL[4,5] (P1())) UNTIL[8,14] ((P1() UNTIL[0,1] (P1()))))))"
54,candidate,7,9,4,2,"O[8,16] E[8,16] U[7,14] O[5,9] S[0,1] S[8,15] O[2,*]","((ONCE[8,16] (((EVENTUALLY[8,16] (P0())) UNTIL[7,14] ((ONCE[5,9] (P1(x1))))))) AND ((NOT (((P1(x1) SINCE[0,1] (P2(x1,x1))) SINCE[8,15] ((ONCE[2,*) (P2(x1,x1)))))))))"
55,syntax,5,8,0,4,"O[4,*] U[4,6] E[6,15] U[9,17] U[0,5]","((EXISTS y1. ((ONCE[4,*) ((P3(y1,y1) UNTIL[4,6] (P3(y1,y1))))))) OR ((EVENTUALLY[6,15] (((P0() UNTIL[9,17] (P0())) UNTIL[0,5] ((P0() AND (P2()))))))))"
56,candidate,6,9,1,4,"E[0,3] E[3,6] S[7,16] E[3,5] E[1,7] S[9,*]","(EXISTS y1. (((EVENTUALLY[0,3] ((EVENTUALLY[3,6] ((P1() OR (P1())))))) SINCE[7,16] ((EXISTS y2. ((EVENTUALLY[3,5] ((EVENTUALLY[1,7] ((P1() SINCE[9,*) (P0(y1,y2)))))))))))))"
57,candidate,5,8,2,1,"S[0,*] S[7,14] O[10,*] U[9,16] S[2,11]","(((EXISTS y1. (P3(y1,y1))) SINCE[0,*) ((P2(x2,x1) SINCE[7,14] (P3(x1,x2))))) AND ((ONCE[10,*) (((P0() UNTIL[9,16] (P0())) SINCE[2,11] ((EXISTS y2. (P3(y2,y2)))))))))"
58,candidate,5,7,1,2,"O[7,*] E[1,9] S[6,7] S[3,*] E[5,10]","((ONCE[7,*) ((EVENTUALLY[1,9] ((P1() SINCE[6,7] (P1())))))) SINCE[3,*) (((EVENTUALLY[5,10] (P2())) AND ((EXISTS y1. (P3(y1,y1)))))))"
59,candidate,7,7,2,3,"O[10,11] O[4,*] O[10,*] U[4,6] S[0,7] E[8,13] U[9,15]","(ONCE[10,11] ((ONCE[4,*) (((ONCE[10,*) ((P0() UNTIL[4,6] (P0())))) SINCE[0,7] ((EVENTUALLY[8,13] ((P0() UNTIL[9,15] (P1()))))))))))"
60,candidate,5,11,2,1,"E[9,12] O[7,13] O[0,3] S[10,*] S[8,*]","(EVENTUALLY[9,12] ((ONCE[7,13] ((EXISTS y1. ((((P1(x1) OR (P1(x1))) AND ((NOT ((ONCE[0,3] (P1(x1))))))) AND (((EXISTS y2. (P0(y2))) SINCE[10,*) ((P1(x2) SINCE[8,*) (P2(y1,x2)))))))))))))"
61,syntax,8,9,0,7,"E[8,12] U[2,9] U[5,13] U[5,10] E[0,8] E[1,8] E[2,8] S[8,*]","(EVENTUALLY[8,12] ((((P3() UNTIL[2,9] (P3())) AND ((P3() UNTIL[5,13] (P3())))) UNTIL[5,10] ((EVENTUALLY[0,8] ((EVENTUALLY[1,8] ((EVENTUALLY[2,8] ((P3() SINCE[8,*) (P1()))))))))))))"
62,candidate,6,9,1,2,"O[3,8] O[1,*] U[5,8] S[2,*] E[0,6] S[3,*]","((ONCE[3,8] (((ONCE[1,*) (P2())) UNTIL[5,8] ((P3() SINCE[2,*) (P2())))))) AND ((NOT ((EVENTUALLY[0,6] ((EXISTS y1. ((P3() SINCE[3,*) (P0(y1,y1)))))))))))"
63,candidate,6,9,1,3,"E[4,9] E[1,8] S[7,*] S[0,*] U[1,5] O[10,20]","(EVENTUALLY[4,9] ((EVENTUALLY[1,8] ((((P0(x1) SINCE[7,*) (P0(x1))) SINCE[0,*) ((P1(x1) AND ((NOT (P3(x1))))))) UNTIL[1,5] ((ONCE[10,20] ((P1(x1) OR (P1(x1)))))))))))"
64,syntax,8,9,0,4,"E[10,20] E[10,11] O[4,*] O[3,*] U[7,14] S[10,*] E[3,4] S[0,*]","(EVENTUALLY[10,20] ((EVENTUALLY[10,11] ((ONCE[4,*) (((ONCE[3,*) ((P1() UNTIL[7,14] (P1())))) SINCE[10,*) (((EVENTUALLY[3,4] (P0(x2))) OR ((P0(x2) SINCE[0,*) (P0(x2)))))))))))))"
65,candidate,6,9,2,3,"E[4,13] U[1,4] S[5,15] U[7,15] S[9,*] S[8,15]","(EVENTUALLY[4,13] ((((P1(x2) AND (P2(x2))) UNTIL[1,4] ((P3(x2,x2) SINCE[5,15] (P1(x2))))) UNTIL[7,15] (((P1(x2) SINCE[9,*) (P2(x2))) SINCE[8,15] ((P0(x2) AND ((NOT (P2(x2)))))))))))"
66,syntax,5,8,0,3,"E[3,11] O[8,*] U[7,10] U[5,8] S[0,*]","((EVENTUALLY[3,11] ((ONCE[8,*) ((P0() UNTIL[7,10] (P3())))))) OR (((P3() UNTIL[5,8] (P3())) AND ((NOT ((P0() SINCE[0,*) (P3()))))))))"
67,candidate,6,7,1,4,"S[10,*] U[7,14] O[9,17] E[1,3] E[3,10] U[9,10]","(((P1() SINCE[10,*) (P2(x1))) UNTIL[7,14] ((ONCE[9,17] (P2(x1))))) OR ((EVENTUALLY[1,3] ((EVENTUALLY[3,10] ((P1() UNTIL[9,10] (P3(x1)))))))))"
68,candidate,7,8,3,2,"O[3,*] O[1,*] S[6,15] E[2,11] U[8,10] S[3,11] O[10,18]","((ONCE[3,*) (((ONCE[1,*) (P3(x2,x1))) SINCE[6,15] ((EVENTUALLY[2,11] (P0(x1,x2))))))) UNTIL[8,10] (((P3(x1,x2) AND (P0(x1,x2))) SINCE[3,11] ((ONCE[10,18] (P2(x1,x2)))))))"
69,syntax,6,7,0,3,"O[3,*] S[7,*] E[6,8] S[1,*] E[8,15] U[9,17]","(((ONCE[3,*) (P2())) SINCE[7,*) ((EVENTUALLY[6,8] (P2())))) SINCE[1,*) (((EVENTUALLY[8,15] (P3())) OR ((P2() UNTIL[9,17] (P3()))))))"
70,candidate,6,8,1,5,"O[7,10] E[1,4] U[10,20] E[1,10] E[4,11] U[7,9]","((ONCE[7,10] ((EVENTUALLY[1,4] ((P3(x2) UNTIL[10,20] (P1(x2))))))) AND ((NOT ((EVENTUALLY[1,10] ((EVENTUALLY[4,11] ((P0() UNTIL[7,9] (P0()))))))))))"
71,syntax,7,12,0,3,"E[9,10] O[2,*] O[3,*] S[6,*] S[8,*] E[2,3] U[8,14]","(EVENTUALLY[9,10] ((ONCE[2,*) ((ONCE[3,*) ((((P3() AND ((NOT (P3())))) SINCE[6,*) ((EXISTS y1. (P1(y1,y1))))) SINCE[8,*) (((EVENTUALLY[2,3] (P3())) UNTIL[8,14] ((P3() AND ((NOT (P3()))))))))))))))"
72,candidate,6,7,1,4,"E[0,8] S[2,11] S[4,*] E[5,13] U[1,10] E[0,7]","(((EVENTUALLY[0,8] (P0())) SINCE[2,11] ((P1(x1,x2) SINCE[4,*) (P2(x1,x2))))) OR (((EVENTUALLY[5,13] (P1(x2,x1))) UNTIL[1,10] ((EVENTUALLY[0,7] (P2(x2,x1)))))))"
73,candidate,8,9,3,3,"O[8,18] O[4,*] E[8,17] O[1,*] O[0,6] E[5,10] S[7,10] U[4,14]","(ONCE[8,18] ((ONCE[4,*) ((EVENTUALLY[8,17] ((ONCE[1,*) ((ONCE[0,6] (((EVENTUALLY[5,10] ((EXISTS y1. (P0(y1))))) SINCE[7,10] ((P1() UNTIL[4,14] (P1()))))))))))))))"
74,candidate,9,9,3,4,"O[10,11] U[2,5] S[3,*] S[3,4] U[8,10] E[4,7] S[0,*] U[3,9] O[7,15]","((ONCE[10,11] (((P3(x2) UNTIL[2,5] (P1(x2,x1))) SINCE[3,*) ((P3(x2) SINCE[3,4] (P0(x1,x2))))))) UNTIL[8,10] ((EVENTUALLY[4,7] (((P1(x2,x1) SINCE[0,*) (P1(x1,x2))) UNTIL[3,9] ((ONCE[7,15] (P1(x2,x1)))))))))"
75,candidate,4,9,1,3,"E[6,14] U[4,12] U[10,18] O[2,10]","(EVENTUALLY[6,14] ((((P2(x1) UNTIL[4,12] (P2(x1))) UNTIL[10,18] ((P2(x1) AND ((NOT (P2(x1))))))) AND (((EXISTS y1. (P3(y1))) AND ((ONCE[2,10] (P1(x2,x1)))))))))"
76,candidate,5,9,2,3,"E[6,10] U[4,9] O[5,9] U[0,1] S[9,13]","(EVENTUALLY[6,10] ((((P3() UNTIL[4,9] (P3())) OR ((ONCE[5,9] (P3())))) AND ((NOT (((P3() AND (P3())) UNTIL[0,1] ((P3() SINCE[9,13] (P3()))))))))))"
77,candidate,6,10,1,4,"E[1,3] U[7,10] U[3,12] U[5,9] O[1,9] O[8,*]","(((EVENTUALLY[1,3] (P3())) UNTIL[7,10] ((P2() UNTIL[3,12] (P3())))) UNTIL[5,9] ((ONCE[1,9] ((EXISTS y1. ((EXISTS y2. ((ONCE[8,*) ((P1(y1) AND ((y2 = 3)))))))))))))"
78,syntax,4,10,0,4,"E[10,17] U[1,6] U[4,11] U[6,10]","((EXISTS y1. (((P1() AND ((NOT (P1())))) AND ((EVENTUALLY[10,17] (P2(y1))))))) UNTIL[1,6] (((P0() UNTIL[4,11] (P0())) AND ((NOT ((P1() UNTIL[6,10] (P1()))))))))"
79,candidate,7,9,3,2,"O[5,*] O[7,*] O[7,10] S[1,3] O[3,11] U[5,13] U[0,8]","(ONCE[5,*) ((ONCE[7,*) ((((ONCE[7,10] (P3(x2,x1))) AND ((P0() SINCE[1,3] (P2(x2))))) OR (((ONCE[3,11] (P2(x1))) UNTIL[5,13] ((P1(x2) UNTIL[0,8] (P3(x1,x2)))))))))))"
80,candidate,5,10,2,2,"O[8,14] E[6,12] U[6,10] O[5,*] S[3,8]","(ONCE[8,14] ((EVENTUALLY[6,12] ((((P0(x2) AND ((NOT (P3(x2,x2))))) UNTIL[6,10] ((P0(x2) AND ((NOT (P1(x2))))))) AND ((ONCE[5,*) ((P0(x2) SINCE[3,8] (P0(x2)))))))))))"
81,candidate,6,8,1,3,"E[3,11] U[8,11] S[7,16] U[3,8] S[7,*] O[7,*]","(((EXISTS y2. ((EVENTUALLY[3,11] (P1(y2))))) UNTIL[8,11] ((EXISTS y1. (P2(y1))))) SINCE[7,16] (((P1(x2) UNTIL[3,8] (P1(x2))) SINCE[7,*) ((ONCE[7,*) (P2(x2)))))))"
82,candidate,10,10,5,3,"O[7,10] O[4,*] O[3,4] S[8,15] E[10,17] U[10,15] O[0,8] S[5,7] S[1,*] E[2,4]","(ONCE[7,10] (((ONCE[4,*) (((ONCE[3,4] (P1(x1))) SINCE[8,15] ((EVENTUALLY[10,17] (P2(x1,x1))))))) UNTIL[10,15] ((ONCE[0,8] (((P0() SINCE[5,7] (P3(x1))) SINCE[1,*) ((EVENTUALLY[2,4] (P3(x1)))))))))))"
83,candidate,6,8,1,3,"E[7,9] O[0,*] O[2,4] U[0,7] O[4,*] E[10,14]","(EVENTUALLY[7,9] ((ONCE[0,*) ((EXISTS y1. ((ONCE[2,4] (((P0(y1) AND (P3())) UNTIL[0,7] ((ONCE[4,*) ((EVENTUALLY[10,14] (P1(y1)))))))))))))))"
84,candidate,5,7,2,3,"E[10,15] S[6,16] O[10,11] U[0,8] E[8,14]","(((EVENTUALLY[10,15] (P0(x2,x2))) SINCE[6,16] ((ONCE[10,11] (P0(x2,x2))))) UNTIL[0,8] (((EXISTS y1. (P1(y1))) AND ((EVENTUALLY[8,14] (P1(x2)))))))"
85,candidate,8,8,1,5,"O[9,*] E[3,7] E[5,15] O[6,*] E[9,17] U[7,11] U[9,19] S[9,11]","(ONCE[9,*) ((EVENTUALLY[3,7] ((EVENTUALLY[5,15] ((ONCE[6,*) (((EVENTUALLY[9,17] ((P0() UNTIL[7,11] (P0())))) UNTIL[9,19] ((P0() SINCE[9,11] (P0()))))))))))))"
86,syntax,6,7,0,5,"U[3,7] U[7,14] U[0,9] S[3,*] U[5,6] U[8,13]","(((P0() UNTIL[3,7] (P0())) UNTIL[7,14] ((P3(x1,x2) OR (P3(x2,x1))))) UNTIL[0,9] (((P1(x1,x1) SINCE[3,*) (P2(x1))) UNTIL[5,6] ((P3(x2,x1) UNTIL[8,13] (P3(x1,x2)))))))"
87,candidate,8,8,4,2,"O[3,*] O[5,7] S[3,13] S[1,2] S[6,12] U[0,5] E[1,9] S[1,*]","(ONCE[3,*) ((ONCE[5,7] ((((P0() SINCE[3,13] (P2())) SINCE[1,2] ((P0() SINCE[6,12] (P2())))) UNTIL[0,5] ((EVENTUALLY[1,9] ((P0() SINCE[1,*) (P2()))))))))))"
88,candidate,6,9,2,3,"E[3,9] S[8,*] U[10,18] U[5,6] S[7,13] S[2,5]","(EVENTUALLY[3,9] ((((EXISTS y1. (P0(y1))) SINCE[8,*) ((P1() UNTIL[10,18] (P1())))) AND ((NOT (((P1() UNTIL[5,6] (P1())) SINCE[7,13] ((P3() SINCE[2,5] (P1()))))))))))"
89,syntax,6,7,0,3,"U[4,10] S[4,*] E[1,4] E[0,4] O[7,*] S[1,*]","(((P0() UNTIL[4,10] (P0())) SINCE[4,*) ((EVENTUALLY[1,4] (P3(x2))))) OR ((EVENTUALLY[0,4] ((ONCE[7,*) ((P3(x2) SINCE[1,*) (P2(x2,x2)))))))))"
90,candidate,7,9,3,1,"O[1,11] E[1,4] O[4,*] S[8,*] S[10,18] S[4,12] O[1,*]","(ONCE[1,11] (((EVENTUALLY[1,4] (((ONCE[4,*) (P0())) SINCE[8,*) ((P0() OR (P0())))))) SINCE[10,18] (((EXISTS y1. (P3(y1))) SINCE[4,12] ((ONCE[1,*) (P0()))))))))"
91,candidate,7,8,2,4,"O[10,*] E[7,15] E[4,8] O[5,9] E[5,14] U[1,9] S[10,17]","((ONCE[10,*) ((EVENTUALLY[7,15] ((EVENTUALLY[4,8] ((ONCE[5,9] (P1(x2,x1))))))))) OR (((EVENTUALLY[5,14] (P1(x2,x1))) UNTIL[1,9] ((P1(x2,x1) SINCE[10,17] (P3(x2,x1)))))))"
92,candidate,8,8,1,5,"E[9,18] S[3,*] U[1,8] E[0,5] S[9,11] U[2,12] S[7,*] U[1,11]","(EVENTUALLY[9,18] ((((P2(x2,x1) SINCE[3,*) (P3(x1,x2))) UNTIL[1,8] ((EVENTUALLY[0,5] (P1(x1,x2))))) SINCE[9,11] (((P1(x1,x2) UNTIL[2,12] (P1(x2,x1))) SINCE[7,*) ((P0(x1) UNTIL[1,11] (P2(x1,x2)))))))))"
93,candidate,7,9,2,2,"E[9,15] S[5,7] U[1,7] O[6,*] O[1,*] S[9,15] O[7,*]","((EVENTUALLY[9,15] (((P1(x1,x1) SINCE[5,7] (P0(x1))) UNTIL[1,7] ((ONCE[6,*) (P1(x1,x2))))))) AND ((NOT (((ONCE[1,*) (P0(x1))) SINCE[9,15] ((ONCE[7,*) (P0(x1)))))))))"
94,candidate,7,8,2,4,"E[3,4] E[10,13] O[1,9] S[1,6] E[0,8] E[4,11] S[4,*]","((EXISTS y1. ((EVENTUALLY[3,4] ((EVENTUALLY[10,13] ((ONCE[1,9] (P3(y1))))))))) SINCE[1,6] ((EVENTUALLY[0,8] ((EVENTUALLY[4,11] ((P3(x1) SINCE[4,*) (P3(x1)))))))))"
95,candidate,6,8,2,3,"E[10,18] S[9,19] O[10,*] U[8,17] S[1,6] U[2,10]","((EXISTS y1. (((EVENTUALLY[10,18] (P2(y1,y1))) SINCE[9,19] ((ONCE[10,*) (P0(y1,y1))))))) UNTIL[8,17] (((P1(x1,x2) SINCE[1,6] (P3(x2,x1))) UNTIL[2,10] ((P0(x1,x2) AND (P1(x1,x2)))))))"
96,candidate,5,9,2,3,"E[10,17] E[0,1] S[1,7] E[5,9] S[5,6]","(EVENTUALLY[10,17] ((((EVENTUALLY[0,1] (P1(x2))) OR ((P0(x2) SINCE[1,7] (P2(x2,x2))))) AND ((NOT ((EXISTS y1. ((EVENTUALLY[5,9] ((P0(y1) SINCE[5,6] (P1(y1)))))))))))))"
97,syntax,7,8,0,1,"O[5,*] O[6,*] O[1,*] S[2,*] S[8,*] U[4,10] S[7,*]","(ONCE[5,*) (((ONCE[6,*) ((ONCE[1,*) ((P0() SINCE[2,*) (P1(x1))))))) SINCE[8,*) (((P0() UNTIL[4,10] (P0())) AND ((P2(x1) SINCE[7,*) (P2(x1)))))))))"
98,candidate,7,9,1,5,"E[0,6] E[7,12] O[3,12] S[7,*] U[8,11] U[10,19] E[3,10]","(EVENTUALLY[0,6] ((EVENTUALLY[7,12] ((((ONCE[3,12] (P0(x2))) SINCE[7,*) ((P1(x2,x2) UNTIL[8,11] (P3(x2))))) UNTIL[10,19] (((EVENTUALLY[3,10] (P0(x2))) OR ((P0(x2) AND (P1(x2,x2)))))))))))"
99,syntax,7,10,0,4,"E[3,13] O[3,*] U[10,12] S[6,*] U[4,11] U[10,14] S[8,*]","(EVENTUALLY[3,13] ((ONCE[3,*) ((((P0(x2) UNTIL[10,12] (P3(x2,x1))) OR ((P1(x2) SINCE[6,*) (P3(x1,x2))))) UNTIL[4,11] (((P1(x2) UNTIL[10,14] (P1(x2))) SINCE[8,*) ((P3(x1,x2) AND ((NOT (P1(x2)))))))))))))"
100,candidate,6,9,2,1,"O[7,*] O[3,*] O[5,12] O[7,14] U[5,12] S[1,*]","(ONCE[7,*) (((ONCE[3,*) ((ONCE[5,12] ((EXISTS y1. ((ONCE[7,14] (P1(y1))))))))) UNTIL[5,12] (((P0() AND (P3())) SINCE[1,*) ((P3() OR (P3()))))))))"
101,syntax,6,8,3,0,"O[5,*] S[4,11] S[6,10] S[3,11] S[9,*] O[2,*]","((ONCE[5,*) (((P1() SINCE[4,11] (P1())) SINCE[6,10] ((P3(x2) OR (P0(x2,x2))))))) SINCE[3,11] (((P2(x2,x1) SINCE[9,*) (P2(x2,x1))) AND ((ONCE[2,*) (P3(x2)))))))"
102,candidate,8,10,2,3,"O[9,12] S[3,*] U[6,10] S[10,*] E[9,16] S[9,18] S[0,*] U[6,14]","(ONCE[9,12] ((((P1(x2,x2) AND ((NOT (P0())))) SINCE[3,*) ((P3(x2) UNTIL[6,10] (P3(x2))))) SINCE[10,*) ((EVENTUALLY[9,16] (((P3(x2) SINCE[9,18] (P1(x1,x2))) SINCE[0,*) ((P0() UNTIL[6,14] (P1(x1,x2)))))))))))"
103,candidate,7,10,2,4,"E[3,5] O[0,*] U[10,17] E[5,7] S[9,14] S[9,12] U[9,16]","(EXISTS y1. ((EVENTUALLY[3,5] ((((ONCE[0,*) (P1(x1))) UNTIL[10,17] ((EVENTUALLY[5,7] (P3(y1,x1))))) AND ((NOT (((P1(x1) SINCE[9,14] (P2(x1,x1))) SINCE[9,12] ((P0(x1,x1) UNTIL[9,16] (P1(x1)))))))))))))"
104,candidate,6,10,1,4,"E[3,8] U[0,2] U[3,10] E[2,3] O[2,*] S[3,10]","(EXISTS y1. ((((EVENTUALLY[3,8] (P1())) AND ((P3() UNTIL[0,2] (P0())))) UNTIL[3,10] ((EVENTUALLY[2,3] (((ONCE[2,*) (P2(y1,x2))) AND ((NOT ((P3() SINCE[3,10] (P2(x2,y1)))))))))))))"
105,candidate,5,8,1,4,"U[9,16] U[10,14] U[5,15] U[0,5] S[9,14]","(((P3() UNTIL[9,16] (P3())) AND ((NOT ((P3() UNTIL[10,14] (P3())))))) UNTIL[5,15] (((P3() OR (P3())) UNTIL[0,5] ((P1(x2) SINCE[9,14] (P1(x2)))))))"
106,candidate,6,7,3,3,"O[7,9] U[4,8] U[4,12] U[7,8] O[7,14] S[8,9]","(((ONCE[7,9] (P2())) UNTIL[4,8] ((P2() UNTIL[4,12] (P2())))) UNTIL[7,8] (((ONCE[7,14] (P2())) SINCE[8,9] ((EXISTS y1. (P1(y1)))))))"
107,candidate,7,9,4,2,"O[9,17] O[7,9] O[6,10] U[2,9] O[1,*] U[4,9] S[10,16]","(ONCE[9,17] (((ONCE[7,9] ((ONCE[6,10] ((P0() OR (P0())))))) UNTIL[2,9] ((EXISTS y1. (((ONCE[1,*) (P1(y1,y1))) UNTIL[4,9] ((P1(y1,y1) SINCE[10,16] (P1(y1,y1)))))))))))"
108,candidate,6,9,4,1,"O[1,6] E[1,6] O[3,7] O[1,3] S[10,14] S[9,*]","(ONCE[1,6] ((EVENTUALLY[1,6] ((ONCE[3,7] ((ONCE[1,3] (((EXISTS y1. ((P1(y1,x1) AND ((NOT (P0())))))) SINCE[10,14] ((P2() SINCE[9,*) (P3(x1,x2)))))))))))))"
109,syntax,5,10,4,0,"O[7,16] O[7,17] S[6,*] O[0,10] O[2,10]","(ONCE[7,16] (((ONCE[7,17] (((P1() OR (P1())) AND ((NOT ((P1() SINCE[6,*) (P1())))))))) OR (((ONCE[0,10] (P1())) OR ((ONCE[2,10] (P1()))))))))"
110,candidate,6,8,1,2,"E[9,13] E[4,13] S[8,17] O[8,*] O[10,*] S[6,*]","((EVENTUALLY[9,13] ((EVENTUALLY[4,13] ((P2() SINCE[8,17] (P2())))))) AND ((NOT ((ONCE[8,*) ((ONCE[10,*) ((P2() SINCE[6,*) (P2()))))))))))"
111,syntax,8,8,0,6,"U[1,6] U[5,9] U[7,14] U[3,9] E[6,13] U[4,11] S[2,*] S[8,*]","(((P3() UNTIL[1,6] (P0())) UNTIL[5,9] ((P3() UNTIL[7,14] (P0())))) UNTIL[3,9] ((EVENTUALLY[6,13] (((P3() UNTIL[4,11] (P1(x1))) SINCE[2,*) ((P3() SINCE[8,*) (P1(x1)))))))))"
112,candidate,8,11,3,3,"E[10,20] E[10,12] O[6,*] S[0,*] S[7,10] E[8,16] S[3,11] S[6,11]","(EVENTUALLY[10,20] (((EVENTUALLY[10,12] (((ONCE[6,*) (P0(x1))) SINCE[0,*) ((P2(x2,x1) AND ((NOT (P2(x2,x1))))))))) SINCE[7,10] ((EVENTUALLY[8,16] (((P1(x1,x2) SINCE[3,11] (P2(x2,x1))) AND ((P0(x1) SINCE[6,11] (P0(x1)))))))))))"
113,syntax,5,7,0,5,"U[4,7] U[4,5] E[5,9] E[7,14] U[0,9]","(((P2(x1,x1) UNTIL[4,7] (P2(x1,x1))) UNTIL[4,5] ((EVENTUALLY[5,9] (P3(x1))))) AND ((EVENTUALLY[7,14] ((EXISTS y1. ((P1(y1,y1) UNTIL[0,9] (P2(y1,y1)))))))))"
114,candidate,7,8,4,2,"O[1,5] E[10,14] S[8,14] S[10,20] S[0,*] U[1,9] S[8,18]","(ONCE[1,5] ((((EVENTUALLY[10,14] (P2())) SINCE[8,14] ((P0() SINCE[10,20] (P2())))) SINCE[0,*) (((P0() UNTIL[1,9] (P2())) SINCE[8,18] ((P2() OR (P2()))))))))"
115,candidate,6,7,1,3,"U[10,17] U[9,13] O[2,*] U[3,5] S[5,10] S[7,*]","(((P1() UNTIL[10,17] (P1())) UNTIL[9,13] ((ONCE[2,*) (P1())))) UNTIL[3,5] (((P1() AND (P2())) SINCE[5,10] ((P1() SINCE[7,*) (P1()))))))"
116,candidate,7,8,1,6,"O[8,11] E[1,10] E[3,13] E[4,10] U[9,18] U[0,2] U[7,15]","((ONCE[8,11] ((EVENTUALLY[1,10] ((EVENTUALLY[3,13] ((EVENTUALLY[4,10] (P3(x1,x2))))))))) UNTIL[9,18] (((P2(x2,x1) OR (P0(x2,x1))) UNTIL[0,2] ((P3(x1,x2) UNTIL[7,15] (P1(x2,x1)))))))"
117,candidate,8,10,2,3,"O[2,*] E[2,11] E[1,10] E[7,8] O[5,7] O[6,13] O[6,*] S[10,*]","(ONCE[2,*) ((EVENTUALLY[2,11] ((EVENTUALLY[1,10] (((EVENTUALLY[7,8] ((ONCE[5,7] ((ONCE[6,13] (P0())))))) AND ((NOT ((ONCE[6,*) ((P3() SINCE[10,*) (P3()))))))))))))))"
118,syntax,6,7,0,5,"O[1,*] U[10,19] U[3,13] U[2,7] E[0,5] U[9,17]","(((ONCE[1,*) (P2())) UNTIL[10,19] ((P2() UNTIL[3,13] (P2())))) UNTIL[2,7] (((EVENTUALLY[0,5] (P2())) OR ((P2() UNTIL[9,17] (P2()))))))"
119,candidate,6,9,3,2,"O[8,10] E[3,6] E[0,7] O[7,15] S[5,*] O[0,7]","((ONCE[8,10] (((EVENTUALLY[3,6] (P2(x2,x1))) OR ((EVENTUALLY[0,7] (P3(x2,x1))))))) AND ((NOT (((ONCE[7,15] (P1())) SINCE[5,*) ((ONCE[0,7] (P0(x1)))))))))"
120,candidate,7,8,1,4,"S[8,*] E[3,4] S[3,5] E[3,7] O[4,*] U[5,11] U[1,7]","(((P2() AND (P2())) SINCE[8,*) ((EVENTUALLY[3,4] (P1())))) SINCE[3,5] ((EVENTUALLY[3,7] (((ONCE[4,*) (P1())) UNTIL[5,11] ((P1() UNTIL[1,7] (P2()))))))))"
121,candidate,7,8,2,2,"S[9,12] S[6,*] S[8,*] E[5,13] O[5,*] S[2,5] E[1,7]","(((P1() SINCE[9,12] (P0())) SINCE[6,*) ((P3(x1) SINCE[8,*) (P2(x2,x1))))) OR ((EVENTUALLY[5,13] (((ONCE[5,*) (P3(x1))) SINCE[2,5] ((EVENTUALLY[1,7] (P2(x2,x1)))))))))"
122,candidate,6,8,2,3,"E[10,13] S[8,13] U[4,12] S[9,11] O[7,*] U[3,11]","((EVENTUALLY[10,13] (((P1() SINCE[8,13] (P1())) UNTIL[4,12] ((P1() OR (P1())))))) SINCE[9,11] (((ONCE[7,*) (P1())) UNTIL[3,11] ((EXISTS y1. (P3(y1)))))))"
123,syntax,3,7,0,2,"E[1,2] E[0,3] S[3,*]","(((EVENTUALLY[1,2] (P3(x1))) OR ((EVENTUALLY[0,3] (P1(x1))))) OR (((P3(x1) AND (P0())) SINCE[3,*) ((P3(x1) AND (P3(x1)))))))"
124,syntax,7,8,0,5,"E[3,6] E[10,16] S[6,*] S[2,*] E[5,6] E[6,11] U[0,9]","(EXISTS y1. (((EVENTUALLY[3,6] ((EVENTUALLY[10,16] ((P0(y1) SINCE[6,*) (P0(y1))))))) SINCE[2,*) ((EVENTUALLY[5,6] ((EVENTUALLY[6,11] ((P1(x1,y1) UNTIL[0,9] (P1(y1,x1)))))))))))"
125,candidate,6,10,1,4,"O[9,19] E[10,17] U[5,8] S[9,*] U[4,7] E[2,10]","((ONCE[9,19] (((EVENTUALLY[10,17] (P0())) UNTIL[5,8] ((P0() SINCE[9,*) (P0())))))) AND ((NOT (((P0() AND ((NOT (P1())))) UNTIL[4,7] ((EVENTUALLY[2,10] (P0()))))))))"
126,candidate,7,8,4,3,"E[8,9] E[6,7] U[1,6] S[9,13] O[7,8] S[7,11] O[2,4]","((EVENTUALLY[8,9] (((EVENTUALLY[6,7] (P1())) UNTIL[1,6] ((EXISTS y1. (P0(y1,x2))))))) SINCE[9,13] (((ONCE[7,8] (P3(x2,x1))) SINCE[7,11] ((ONCE[2,4] (P2(x1,x2)))))))"
127,candidate,4,8,1,1,"E[0,6] S[9,*] O[1,7] S[1,*]","(((EVENTUALLY[0,6] (P2(x1,x2))) SINCE[9,*) ((P2(x1,x2) AND (P1(x2,x1))))) AND ((ONCE[1,7] (((EXISTS y1. (P3(y1,x2))) AND ((P2(x1,x2) SINCE[1,*) (P2(x1,x2)))))))))"
128,candidate,6,10,2,3,"O[8,11] E[2,8] S[4,6] O[5,*] U[7,10] U[5,13]","((ONCE[8,11] ((EVENTUALLY[2,8] ((P0() SINCE[4,6] (P0())))))) AND ((NOT ((ONCE[5,*) (((P0() UNTIL[7,10] (P0())) AND ((NOT ((P0() UNTIL[5,13] (P0()))))))))))))"
129,candidate,5,9,2,2,"O[4,*] S[8,9] S[2,12] U[6,10] E[3,5]","((EXISTS y1. ((ONCE[4,*) ((EXISTS y2. ((P0(y1,y2) AND ((NOT (P0(y1,y2))))))))))) SINCE[8,9] (((P3() SINCE[2,12] (P3())) UNTIL[6,10] ((EVENTUALLY[3,5] (P1(x1,x2)))))))"
130,candidate,5,7,2,1,"O[10,17] E[6,13] S[4,12] O[5,*] S[10,*]","((ONCE[10,17] ((EVENTUALLY[6,13] ((P0(x1,x1) OR (P2(x1))))))) SINCE[4,12] (((ONCE[5,*) (P2(x1))) AND ((P3(x1,x1) SINCE[10,*) (P2(x1)))))))"
131,candidate,8,9,2,5,"E[8,10] E[0,7] U[7,12] E[1,4] U[1,7] S[2,12] S[1,*] O[8,16]","(EVENTUALLY[8,10] ((EVENTUALLY[0,7] ((((P2(x1,x1) OR (P0(x1))) UNTIL[7,12] ((EVENTUALLY[1,4] (P0(x1))))) UNTIL[1,7] (((P0(x1) SINCE[2,12] (P1(x1))) SINCE[1,*) ((ONCE[8,16] (P1(x1)))))))))))"
132,candidate,7,9,2,3,"E[6,7] S[1,*] S[7,14] U[0,5] O[8,*] O[7,11] U[2,12]","(EVENTUALLY[6,7] ((((P1() SINCE[1,*) (P3())) SINCE[7,14] ((P3() AND ((NOT (P1())))))) UNTIL[0,5] ((ONCE[8,*) ((ONCE[7,11] ((P1() UNTIL[2,12] (P3()))))))))))"
133,syntax,7,10,0,4,"E[7,13] E[10,20] O[9,*] U[5,14] S[2,*] S[0,*] U[10,15]","(EVENTUALLY[7,13] (((EVENTUALLY[10,20] (((ONCE[9,*) (P0(x1))) AND ((NOT ((P2(x1) OR (P3(x1))))))))) UNTIL[5,14] (((P0(x1) SINCE[2,*) (P2(x1))) SINCE[0,*) ((P0(x1) UNTIL[10,15] (P2(x1)))))))))"
134,candidate,6,10,3,2,"E[3,12] O[8,13] U[2,3] S[7,*] O[8,18] S[10,16]","(EVENTUALLY[3,12] ((((ONCE[8,13] (P0(x2))) UNTIL[2,3] ((P1(x2,x1) SINCE[7,*) (P3(x1,x2))))) AND ((NOT (((ONCE[8,18] (P2())) SINCE[10,16] ((P2() AND ((NOT (P2()))))))))))))"
135,candidate,7,8,4,2,"O[5,7] O[1,*] U[2,9] S[10,18] O[1,6] U[5,10] O[3,4]","((ONCE[5,7] ((ONCE[1,*) ((P3(x2,x1) UNTIL[2,9] (P0(x1,x2))))))) SINCE[10,18] ((ONCE[1,6] (((P2(x2,x1) UNTIL[5,10] (P2(x2,x1))) AND ((ONCE[3,4] (P2(x1,x2)))))))))"
136,candidate,8,8,2,3,"U[10,15] S[0,*] O[5,9] S[8,*] E[3,10] U[9,14] S[2,3] O[0,*]","(((P3() UNTIL[10,15] (P3())) SINCE[0,*) ((ONCE[5,9] (P2(x1,x1))))) SINCE[8,*) ((EVENTUALLY[3,10] (((P0(x1,x1) UNTIL[9,14] (P2(x1,x1))) SINCE[2,3] ((ONCE[0,*) (P1(x1)))))))))"
137,syntax,6,10,0,4,"E[3,7] E[0,7] U[8,14] E[3,11] S[5,*] S[10,*]","((EVENTUALLY[3,7] ((EVENTUALLY[0,7] ((P1() UNTIL[8,14] (P3(x1))))))) OR ((EXISTS y1. (((EVENTUALLY[3,11] (P3(y1))) SINCE[5,*) ((P1() SINCE[10,*) ((P3(x1) AND ((y1 = 46)))))))))))"
138,candidate,6,9,1,1,"O[7,11] S[5,*] S[4,*] O[7,*] E[3,5] S[7,*]","(ONCE[7,11] ((((P0() SINCE[5,*) (P0())) AND ((P3(x1,x1) AND ((NOT (P3(x1,x1))))))) SINCE[4,*) ((ONCE[7,*) ((EVENTUALLY[3,5] ((P1(x1) SINCE[7,*) (P1(x1)))))))))))"
139,candidate,4,7,2,1,"S[10,13] S[8,17] S[4,*] U[8,13]","(((P2(x2,x1) SINCE[10,13] (P2(x1,x2))) SINCE[8,17] ((P2(x2,x1) AND (P1(x2,x1))))) AND (((P3(x1,x1) SINCE[4,*) (P1(x1,x1))) UNTIL[8,13] ((EXISTS y1. (P3(y1,x1)))))))"
140,candidate,7,8,2,2,"S[6,*] U[10,19] U[1,2] O[8,*] O[3,11] S[3,*] S[6,11]","(((P0() SINCE[6,*) (P1())) OR ((P0() UNTIL[10,19] (P0())))) UNTIL[1,2] ((ONCE[8,*) (((ONCE[3,11] (P1())) SINCE[3,*) ((P0() SINCE[6,11] (P0()))))))))"
141,syntax,6,8,5,0,"O[5,15] O[8,16] S[4,9] S[0,3] O[5,14] S[7,*]","((ONCE[5,15] ((ONCE[8,16] ((P1() SINCE[4,9] (P3(x1))))))) SINCE[0,3] (((ONCE[5,14] (P1())) SINCE[7,*) ((P0(x2,x1) AND ((NOT (P1()))))))))"
142,candidate,7,8,2,5,"U[8,11] U[6,10] U[5,12] S[10,13] E[5,11] S[8,10] U[4,5]","(((P0(x1,x2) UNTIL[8,11] (P2(x1,x2))) UNTIL[6,10] ((P2(x1,x2) UNTIL[5,12] (P0(x2,x1))))) SINCE[10,13] ((EVENTUALLY[5,11] (((P2(x1,x2) SINCE[8,10] (P0(x2,x1))) UNTIL[4,5] ((P1(x1,x2) OR (P3(x1,x2)))))))))"
143,candidate,6,8,2,2,"E[9,12] U[0,1] O[3,*] S[4,10] S[6,*] O[7,17]","(((EVENTUALLY[9,12] (P0())) UNTIL[0,1] ((ONCE[3,*) (P3())))) AND ((NOT (((P1() SINCE[4,10] (P3())) SINCE[6,*) ((ONCE[7,17] (P0()))))))))"
144,candidate,7,9,1,4,"E[7,9] O[0,2] U[6,8] S[7,*] S[3,*] U[4,8] U[4,5]","(EVENTUALLY[7,9] ((((ONCE[0,2] (P1())) UNTIL[6,8] ((P1() SINCE[7,*) (P3())))) AND ((NOT (((P1() SINCE[3,*) (P3())) UNTIL[4,8] ((P1() UNTIL[4,5] (P3()))))))))))"
145,candidate,4,7,1,2,"U[0,10] O[4,7] U[6,15] O[2,*]","(((P2() AND (P2())) UNTIL[0,10] ((ONCE[4,7] (P2())))) UNTIL[6,15] (((P2() AND (P3(x2))) AND ((ONCE[2,*) (P2()))))))"
146,candidate,7,9,2,4,"O[9,11] O[4,*] E[0,4] E[8,15] O[4,6] U[3,11] U[0,8]","(ONCE[9,11] ((ONCE[4,*) ((EVENTUALLY[0,4] ((EXISTS y1. ((EVENTUALLY[8,15] ((ONCE[4,6] (((P1() UNTIL[3,11] (P1())) UNTIL[0,8] ((EXISTS y2. (P2(y1,y2)))))))))))))))))"
147,candidate,6,7,3,2,"O[10,13] S[4,*] S[2,10] U[5,11] S[2,9] U[1,9]","((EXISTS y1. ((ONCE[10,13] ((P2() SINCE[4,*) (P0(y1,y1))))))) SINCE[2,10] (((P2() UNTIL[5,11] (P2())) SINCE[2,9] ((P2() UNTIL[1,9] (P2()))))))"
148,candidate,8,9,1,4,"E[10,11] E[4,5] O[0,10] S[2,*] U[6,12] O[1,*] E[1,6] S[9,*]","(EVENTUALLY[10,11] (((EVENTUALLY[4,5] ((ONCE[0,10] ((P3() SINCE[2,*) (P2(x2,x2))))))) UNTIL[6,12] ((ONCE[1,*) ((EVENTUALLY[1,6] ((EXISTS y1. ((P0(y1) SINCE[9,*) (P1(y1,x2)))))))))))))"
149,syntax,4,8,0,3,"O[2,*] U[9,10] E[1,5] E[4,11]","((ONCE[2,*) (((P0() UNTIL[9,10] (P3(x1))) OR ((EVENTUALLY[1,5] (P3(x1))))))) OR (((P2(x1) OR (P3(x1))) OR ((EVENTUALLY[4,11] (P3(x1)))))))"
150,candidate,6,9,2,3,"E[1,6] E[2,3] U[6,10] O[7,*] O[1,7] O[7,8]","((EVENTUALLY[1,6] ((EVENTUALLY[2,3] ((P1(x1) OR (P1(x1))))))) UNTIL[6,10] ((ONCE[7,*) ((ONCE[1,7] ((ONCE[7,8] ((P1(x1) AND ((NOT (P3()))))))))))))"
151,candidate,8,9,3,4,"E[5,14] E[4,9] O[8,12] O[5,7] U[10,14] E[4,10] S[2,*] S[7,17]","((EVENTUALLY[5,14] ((EVENTUALLY[4,9] ((ONCE[8,12] ((ONCE[5,7] (P3(x2,x1))))))))) UNTIL[10,14] ((EVENTUALLY[4,10] (((P1(x2) SINCE[2,*) (P2(x1,x2))) SINCE[7,17] ((P0(x2,x1) OR (P3(x1,x2)))))))))"
152,candidate,5,11,1,3,"E[2,9] E[4,8] U[9,10] S[0,8] S[9,*]","(EXISTS y1. ((EVENTUALLY[2,9] ((EXISTS y2. (((EVENTUALLY[4,8] ((P3(y1) AND ((NOT (P0(y1))))))) UNTIL[9,10] (((P1(y1,y2) SINCE[0,8] (P1(y2,y1))) AND ((NOT ((P2() SINCE[9,*) (P2()))))))))))))))"
153,candidate,7,9,1,5,"O[6,13] U[3,10] U[8,17] E[10,20] S[9,*] U[4,5] E[6,14]","(EXISTS y1. (((ONCE[6,13] (((P1() UNTIL[3,10] (P0(y1))) UNTIL[8,17] ((EVENTUALLY[10,20] (P0(y1))))))) OR (((P0(y1) SINCE[9,*) (P3(y1))) UNTIL[4,5] ((EVENTUALLY[6,14] (P0(y1)))))))))"
154,candidate,8,9,3,4,"O[6,10] E[0,8] O[6,16] O[8,11] S[7,*] U[2,3] U[8,15] U[7,17]","(ONCE[6,10] ((EVENTUALLY[0,8] ((ONCE[6,16] (((ONCE[8,11] ((P3() AND (P0())))) SINCE[7,*) (((P3() UNTIL[2,3] (P3())) UNTIL[8,15] ((P3() UNTIL[7,17] (P0()))))))))))))"
155,syntax,7,7,4,0,"O[6,16] O[8,17] S[7,*] S[8,15] S[9,*] S[6,10] S[0,*]","((ONCE[6,16] ((ONCE[8,17] ((P1(x1,x2) SINCE[7,*) (P0(x2,x1))))))) SINCE[8,15] (((P1(x1,x2) SINCE[9,*) (P2(x1,x2))) SINCE[6,10] ((P1(x1,x2) SINCE[0,*) (P0(x1,x2)))))))"
156,candidate,9,9,2,3,"E[3,9] O[2,*] O[7,12] S[7,*] O[0,*] U[7,14] E[2,4] O[0,1] S[6,*]","(EVENTUALLY[3,9] ((ONCE[2,*) ((((ONCE[7,12] (P1(x1))) SINCE[7,*) ((ONCE[0,*) (P0(x1))))) UNTIL[7,14] ((EVENTUALLY[2,4] ((ONCE[0,1] ((P2(x1,x2) SINCE[6,*) (P2(x1,x2)))))))))))))"
157,syntax,6,7,0,3,"E[4,13] O[7,*] U[0,2] S[3,*] E[3,9] O[1,*]","((EVENTUALLY[4,13] ((ONCE[7,*) ((P3() UNTIL[0,2] (P2())))))) SINCE[3,*) (((EVENTUALLY[3,9] (P1(x1))) AND ((ONCE[1,*) (P0(x2,x1)))))))"
158,syntax,5,7,3,0,"S[5,14] S[1,7] S[1,*] S[3,*] S[5,6]","(((P1() SINCE[5,14] (P2())) SINCE[1,7] ((P2() SINCE[1,*) (P0(x1,x2))))) SINCE[3,*) (((P2() SINCE[5,6] (P0(x1,x2))) OR ((P0(x1,x1) AND (P0(x2,x2)))))))"
159,candidate,8,9,2,4,"E[10,18] O[3,*] S[5,11] U[6,7] O[6,*] E[7,16] S[3,11] E[0,2]","(EVENTUALLY[10,18] ((ONCE[3,*) ((((P1() SINCE[5,11] (P1())) UNTIL[6,7] ((ONCE[6,*) (P3(x2))))) AND (((EVENTUALLY[7,16] (P1())) SINCE[3,11] ((EVENTUALLY[0,2] (P1()))))))))))"
160,candidate,7,11,4,2,"O[5,8] E[8,16] O[6,15] S[3,11] O[4,8] S[4,*] E[4,5]","(ONCE[5,8] (((EVENTUALLY[8,16] (((ONCE[6,15] (P2(x1))) SINCE[3,11] ((P0() AND (P2(x1))))))) AND ((NOT ((ONCE[4,8] (((P1(x1,x1) SINCE[4,*) (P3(x1))) AND ((EVENTUALLY[4,5] (P3(x1)))))))))))))"
161,candidate,6,11,1,3,"E[7,8] S[8,*] O[10,11] S[0,*] U[7,15] U[7,8]","((EXISTS y1. (((P2(y1,y1) AND ((NOT (P2(y1,y1))))) AND ((NOT ((EVENTUALLY[7,8] (P3())))))))) SINCE[8,*) ((ONCE[10,11] (((P3() SINCE[0,*) (P3())) UNTIL[7,15] ((P1() UNTIL[7,8] (P3()))))))))"
162,candidate,3,8,1,2,"O[3,11] U[0,1] U[10,19]","(((ONCE[3,11] (P2(x2,x1))) AND ((NOT ((P0() AND (P3())))))) OR (((P0() UNTIL[0,1] (P1(x1,x2))) UNTIL[10,19] ((P1(x2,x1) OR (P1(x2,x1)))))))"
163,candidate,9,9,1,3,"O[8,*] S[9,*] S[5,13] E[10,14] S[7,*] E[4,8] E[5,8] O[9,*] S[5,*]","((ONCE[8,*) (((P0(x1,x2) SINCE[9,*) (P1(x1,x2))) SINCE[5,13] ((EVENTUALLY[10,14] (P1(x1,x2))))))) SINCE[7,*) ((EVENTUALLY[4,8] ((EVENTUALLY[5,8] ((ONCE[9,*) ((P0(x2,x1) SINCE[5,*) (P0(x1,x2)))))))))))"
164,candidate,6,8,2,4,"E[4,12] E[6,8] O[4,6] O[0,2] U[9,11] U[8,10]","((EVENTUALLY[4,12] ((EVENTUALLY[6,8] ((P3(x1) OR (P3(x1))))))) OR ((ONCE[4,6] (((ONCE[0,2] (P1(x1,x1))) UNTIL[9,11] ((P2(x1) UNTIL[8,10] (P3(x1)))))))))"
165,candidate,6,8,5,1,"O[10,13] U[1,9] O[2,8] S[8,12] S[8,12] O[10,20]","((EXISTS y1. (((ONCE[10,13] (P3(y1))) UNTIL[1,9] ((ONCE[2,8] (P3(y1))))))) AND (((P1() SINCE[8,12] (P1())) SINCE[8,12] ((ONCE[10,20] (P3(x2)))))))"
166,candidate,5,9,1,3,"O[9,16] E[1,5] U[7,17] O[9,*] E[4,8]","(ONCE[9,16] ((((EVENTUALLY[1,5] (P3(x1))) UNTIL[7,17] ((P2(x1,x2) AND ((NOT (P0())))))) AND (((ONCE[9,*) (P3(x1))) AND ((EVENTUALLY[4,8] (P1(x1,x2)))))))))"
167,candidate,5,8,1,2,"O[1,8] E[1,10] E[7,11] O[6,*] S[2,*]","(ONCE[1,8] ((EVENTUALLY[1,10] (((EVENTUALLY[7,11] ((P0() OR (P0())))) AND ((ONCE[6,*) ((EXISTS y1. ((P0() SINCE[2,*) (P2(y1)))))))))))))"
168,candidate,9,9,2,7,"E[8,13] E[0,4] E[3,6] U[7,17] U[8,14] E[3,12] O[8,18] O[9,11] U[1,8]","((EVENTUALLY[8,13] ((EVENTUALLY[0,4] ((EVENTUALLY[3,6] ((P2(x2,x1) UNTIL[7,17] (P0(x2,x1))))))))) UNTIL[8,14] ((EVENTUALLY[3,12] ((ONCE[8,18] ((ONCE[9,11] ((P1() UNTIL[1,8] (P2(x2,x1)))))))))))"
169,candidate,10,10,1,5,"O[9,*] E[0,7] E[4,11] U[9,13] E[7,16] S[1,10] O[9,*] O[8,*] U[9,10] O[0,*]","(ONCE[9,*) (((EVENTUALLY[0,7] (((EVENTUALLY[4,11] (P3())) UNTIL[9,13] ((EVENTUALLY[7,16] (P3())))))) SINCE[1,10] ((ONCE[9,*) (((ONCE[8,*) (P3())) UNTIL[9,10] ((ONCE[0,*) (P3()))))))))))"
170,syntax,7,7,0,5,"U[8,9] S[0,*] U[7,13] U[9,15] E[3,9] O[1,*] U[0,7]","(((P2(x2) UNTIL[8,9] (P3(x2))) SINCE[0,*) ((P1(x2,x2) UNTIL[7,13] (P1(x2,x2))))) UNTIL[9,15] ((EVENTUALLY[3,9] ((ONCE[1,*) ((P0(x2) UNTIL[0,7] (P2(x2)))))))))"
171,candidate,7,8,1,4,"U[9,15] U[9,13] O[1,*] U[8,15] O[9,12] E[4,10] O[2,*]","(((P3() UNTIL[9,15] (P3())) UNTIL[9,13] ((ONCE[1,*) (P3())))) UNTIL[8,15] ((EXISTS y1. ((ONCE[9,12] ((EVENTUALLY[4,10] ((ONCE[2,*) (P0(y1,y1)))))))))))"
172,candidate,8,9,4,4,"E[3,8] S[8,13] U[0,8] U[0,7] E[7,11] S[4,10] S[0,5] S[1,2]","(EVENTUALLY[3,8] ((((P2() SINCE[8,13] (P1())) UNTIL[0,8] ((EXISTS y1. (P3(y1))))) UNTIL[0,7] ((EVENTUALLY[7,11] (((P1() SINCE[4,10] (P1())) SINCE[0,5] ((P1() SINCE[1,2] (P1()))))))))))"
173,candidate,8,9,2,6,"E[10,19] E[1,4] U[3,8] O[6,16] S[3,4] E[0,3] U[2,10] U[10,14]","(EVENTUALLY[10,19] ((((EVENTUALLY[1,4] (P1(x1))) UNTIL[3,8] ((ONCE[6,16] (P0(x1))))) SINCE[3,4] ((EVENTUALLY[0,3] (((EXISTS y1. (P2(y1,x1))) UNTIL[2,10] ((P0(x1) UNTIL[10,14] (P1(x1)))))))))))"
174,candidate,8,8,3,5,"S[0,10] S[0,8] E[0,5] U[7,8] E[1,5] S[5,13] U[1,7] E[5,15]","(((P0() SINCE[0,10] (P0())) SINCE[0,8] ((EVENTUALLY[0,5] (P2())))) UNTIL[7,8] ((EVENTUALLY[1,5] (((P0() SINCE[5,13] (P0())) UNTIL[1,7] ((EVENTUALLY[5,15] (P0()))))))))"
175,candidate,7,9,3,3,"E[0,10] S[7,17] E[1,10] S[8,*] O[8,16] S[1,10] U[7,8]","(EVENTUALLY[0,10] ((((P2() AND (P1())) SINCE[7,17] ((EVENTUALLY[1,10] (P1())))) SINCE[8,*) ((EXISTS y1. (((ONCE[8,16] (P2())) SINCE[1,10] ((P2() UNTIL[7,8] (P3(y1,y1)))))))))))"
176,candidate,5,7,1,4,"U[3,5] U[6,12] E[0,3] S[5,13] E[5,14]","(((P0() AND (P2())) UNTIL[3,5] ((P0() UNTIL[6,12] (P3())))) AND (((EVENTUALLY[0,3] (P3())) SINCE[5,13] ((EVENTUALLY[5,14] (P3()))))))"
177,candidate,6,9,2,4,"E[9,13] S[3,6] U[1,10] S[5,11] U[6,7] E[10,20]","(EXISTS y1. ((EVENTUALLY[9,13] ((((P1(y1) SINCE[3,6] (P3(y1,y1))) UNTIL[1,10] ((P0() SINCE[5,11] (P3(y1,y1))))) UNTIL[6,7] ((EVENTUALLY[10,20] ((P3(y1,y1) AND ((NOT (P2(y1)))))))))))))"
178,candidate,4,10,1,2,"U[10,14] U[5,13] O[6,*] S[6,8]","((EXISTS y1. (((P1(y1,y1) AND ((NOT (P3(y1,y1))))) UNTIL[10,14] ((P0() UNTIL[5,13] (P2(y1))))))) AND ((NOT (((ONCE[6,*) (P0())) SINCE[6,8] ((P0() OR (P0()))))))))"
179,syntax,6,10,0,3,"O[1,*] E[0,10] O[9,*] E[7,10] E[2,12] S[4,*]","((ONCE[1,*) (((EVENTUALLY[0,10] (P2())) AND ((NOT ((ONCE[9,*) (P2())))))))) AND ((NOT ((EVENTUALLY[7,10] ((EVENTUALLY[2,12] ((P1() SINCE[4,*) (P1()))))))))))"
180,candidate,6,8,3,1,"O[10,*] U[6,16] S[1,7] S[1,5] O[2,11] S[2,*]","(ONCE[10,*) ((((P3() UNTIL[6,16] (P1())) SINCE[1,7] ((P0() AND (P0())))) SINCE[1,5] (((ONCE[2,11] (P1())) SINCE[2,*) ((P0() AND (P1()))))))))"
181,candidate,7,10,1,5,"O[4,10] E[10,15] U[7,16] S[1,*] E[5,9] U[5,9] E[3,5]","((ONCE[4,10] ((EVENTUALLY[10,15] ((EXISTS y1. ((P3() UNTIL[7,16] (P1(y1,y1))))))))) SINCE[1,*) ((EVENTUALLY[5,9] (((P2() AND ((NOT (P3())))) UNTIL[5,9] ((EVENTUALLY[3,5] (P1(x1,x2)))))))))"
182,candidate,8,10,1,6,"E[3,7] E[4,6] U[0,2] U[4,5] S[7,9] S[10,*] U[3,12] E[2,11]","(EVENTUALLY[3,7] (((EVENTUALLY[4,6] (((P1(x1) UNTIL[0,2] (P1(x1))) UNTIL[4,5] ((P2() SINCE[7,9] (P0(x1))))))) AND ((NOT (((P3() SINCE[10,*) (P3())) UNTIL[3,12] ((EVENTUALLY[2,11] (P2()))))))))))"
183,candidate,6,8,1,4,"O[0,5] U[9,15] S[10,*] U[6,13] U[1,10] U[0,1]","(ONCE[0,5] ((((P1() UNTIL[9,15] (P1())) SINCE[10,*) ((P0() UNTIL[6,13] (P0())))) UNTIL[1,10] (((EXISTS y1. (P2(y1,y1))) UNTIL[0,1] ((P1() OR (P3()))))))))"
184,candidate,8,10,4,3,"O[3,9] E[9,18] O[10,13] U[9,10] O[4,7] S[1,10] U[8,10] S[5,*]","(ONCE[3,9] ((EVENTUALLY[9,18] ((((ONCE[10,13] (P1())) UNTIL[9,10] ((ONCE[4,7] (P2())))) AND ((NOT (((P2() SINCE[1,10] (P1())) UNTIL[8,10] ((P2() SINCE[5,*) (P2()))))))))))))"
185,candidate,6,9,2,4,"U[2,5] O[9,17] E[8,9] U[6,12] U[3,10] O[9,17]","(((P1() AND (P2())) UNTIL[2,5] ((ONCE[9,17] (P3(x1))))) AND ((NOT ((EVENTUALLY[8,9] (((P0() UNTIL[6,12] (P2())) UNTIL[3,10] ((ONCE[9,17] (P1()))))))))))"
186,syntax,8,8,0,6,"E[6,15] U[1,4] U[1,10] U[2,6] U[1,9] S[2,*] S[0,*] U[8,10]","(EVENTUALLY[6,15] ((((P3(x1,x1) UNTIL[1,4] (P3(x1,x1))) UNTIL[1,10] ((P2(x1) UNTIL[2,6] (P0(x1))))) UNTIL[1,9] (((P2(x1) SINCE[2,*) (P2(x1))) SINCE[0,*) ((P3(x2,x1) UNTIL[8,10] (P3(x2,x1)))))))))"
187,candidate,9,11,1,6,"E[7,17] O[0,*] E[7,10] U[8,18] E[4,11] S[5,*] S[2,12] U[3,8] U[9,19]","(EVENTUALLY[7,17] ((ONCE[0,*) ((EVENTUALLY[7,10] ((((P3() UNTIL[8,18] (P3())) AND ((NOT ((EVENTUALLY[4,11] (P3())))))) SINCE[5,*) (((P2(x2,x2) SINCE[2,12] (P1(x2))) UNTIL[3,8] ((P2(x2,x1) UNTIL[9,19] (P2(x2,x1)))))))))))))"
188,candidate,6,10,1,4,"E[3,8] U[0,6] E[8,16] U[3,8] O[4,9] O[1,*]","((EVENTUALLY[3,8] (((P1() AND ((NOT (P3())))) UNTIL[0,6] ((EVENTUALLY[8,16] (P0(x2,x2))))))) UNTIL[3,8] (((ONCE[4,9] (P2(x2))) AND ((NOT ((ONCE[1,*) (P0(x2,x2)))))))))"
189,candidate,8,8,3,3,"E[4,7] O[10,*] O[2,9] U[8,17] S[1,2] E[3,4] S[10,*] S[3,8]","(EVENTUALLY[4,7] (((ONCE[10,*) ((ONCE[2,9] ((P0(x2) UNTIL[8,17] (P2(x2))))))) SINCE[1,2] (((EVENTUALLY[3,4] (P3())) SINCE[10,*) ((P0(x2) SINCE[3,8] (P0(x2)))))))))"
190,candidate,5,7,2,2,"U[5,9] O[6,*] S[7,17] S[5,12] U[10,16]","(((P0() OR (P0())) UNTIL[5,9] ((ONCE[6,*) (P1())))) OR (((P0() SINCE[7,17] (P1())) SINCE[5,12] ((P1() UNTIL[10,16] (P0()))))))"
191,candidate,6,7,2,4,"U[10,20] E[6,15] U[8,17] U[0,9] S[6,7] S[0,8]","(((P3(x1,x2) UNTIL[10,20] (P1(x1,x2))) AND ((EVENTUALLY[6,15] (P3(x2,x1))))) UNTIL[8,17] (((P2(x2,x1) UNTIL[0,9] (P2(x1,x2))) SINCE[6,7] ((P0(x1,x2) SINCE[0,8] (P2(x2,x1)))))))"
192,candidate,7,9,3,4,"E[4,6] E[6,12] O[3,6] U[6,9] O[10,14] U[4,10] S[7,11]","(EVENTUALLY[4,6] ((EVENTUALLY[6,12] (((ONCE[3,6] ((P3(x1) UNTIL[6,9] (P1(x1))))) AND ((NOT (((ONCE[10,14] (P3(x1))) UNTIL[4,10] ((P1(x1) SINCE[7,11] (P1(x1)))))))))))))"
193,candidate,6,8,3,1,"S[8,17] O[3,6] S[2,11] O[3,*] E[7,16] S[9,*]","(((P2() AND ((NOT (P2())))) SINCE[8,17] ((ONCE[3,6] (P2())))) SINCE[2,11] ((ONCE[3,*) ((EVENTUALLY[7,16] ((P2() SINCE[9,*) (P1(x2)))))))))"
194,candidate,8,8,1,4,"O[1,*] U[9,13] S[10,*] U[1,11] O[6,13] S[10,*] U[7,16] E[6,12]","(((ONCE[1,*) (P1())) UNTIL[9,13] ((P3() SINCE[10,*) (P3())))) UNTIL[1,11] ((ONCE[6,13] (((P1() SINCE[10,*) (P3())) UNTIL[7,16] ((EVENTUALLY[6,12] (P1()))))))))"
195,syntax,4,9,0,3,"E[0,7] S[0,*] U[3,10] U[3,5]","(((P0(x1,x2) AND ((NOT (P1(x1))))) OR ((EVENTUALLY[0,7] (P3(x1,x2))))) SINCE[0,*) (((P2() UNTIL[3,10] (P0(x2,x1))) AND ((NOT ((P1(x1) UNTIL[3,5] (P3(x1,x2)))))))))"
196,candidate,7,7,2,2,"S[5,13] U[6,9] O[8,*] S[10,*] S[5,7] U[3,10] S[5,*]","(((P2(x2,x1) SINCE[5,13] (P3(x1,x2))) UNTIL[6,9] ((ONCE[8,*) (P1(x2,x1))))) SINCE[10,*) (((P0(x2,x1) SINCE[5,7] (P3(x2,x1))) UNTIL[3,10] ((P0(x1,x2) SINCE[5,*) (P2(x1,x2)))))))"
197,candidate,6,7,2,2,"S[4,9] U[10,20] O[9,16] S[2,*] O[1,*] E[3,13]","(((P1() SINCE[4,9] (P3())) UNTIL[10,20] ((ONCE[9,16] (P2())))) SINCE[2,*) (((ONCE[1,*) (P3())) AND ((EVENTUALLY[3,13] (P3()))))))"
198,candidate,5,8,1,4,"U[1,9] E[8,13] E[3,12] S[9,14] E[9,19]","(((P0() AND ((NOT (P0())))) UNTIL[1,9] ((EVENTUALLY[8,13] (P1(x2,x1))))) OR (((EVENTUALLY[3,12] (P3(x2))) SINCE[9,14] ((EVENTUALLY[9,19] (P1(x1,x2)))))))"
199,candidate,9,9,1,6,"E[6,11] O[0,*] U[5,12] E[0,7] S[4,*] E[8,14] O[9,18] E[8,18] U[6,14]","(EVENTUALLY[6,11] ((((ONCE[0,*) (P1(x1,x2))) UNTIL[5,12] ((EVENTUALLY[0,7] (P1(x2,x1))))) SINCE[4,*) ((EVENTUALLY[8,14] ((ONCE[9,18] ((EVENTUALLY[8,18] ((P2(x2) UNTIL[6,14] (P1(x2,x1)))))))))))))"
200,candidate,8,9,3,1,"O[0,*] S[1,8] S[4,*] S[2,*] O[1,*] S[8,10] U[7,15] O[3,11]","((ONCE[0,*) (((P3(x1,x2) SINCE[1,8] (P2(x1,x2))) SINCE[4,*) ((P3(x1,x2) SINCE[2,*) (P3(x2,x1))))))) AND ((ONCE[1,*) (((P0() SINCE[8,10] (P0())) UNTIL[7,15] ((ONCE[3,11] (P0()))))))))"
